game_id,season,game_type,week,gameday,weekday,gametime,away_team,away_score,home_team,home_score,location,result,total,overtime,old_game_id,gsis,nfl_detail_id,pfr,pff,espn,ftn,away_rest,home_rest,away_moneyline,home_moneyline,spread_line,away_spread_odds,home_spread_odds,total_line,under_odds,over_odds,div_game,roof,surface,temp,wind,away_qb_id,home_qb_id,away_qb_name,home_qb_name,away_coach,home_coach,referee,stadium_id,stadium
1999_01_MIN_ATL,1999,REG,1,1999-09-12,Sunday,,MIN,17,ATL,14,Home,-3,31,0,1999091210,598,,199909120atl,,190912001,,7,7,,,-4,,,49,,,0,dome,astroturf,,,00-0003761,00-0002876,Randall Cunningham,Chris Chandler,Dennis Green,Dan Reeves,Gerry Austin,ATL00,Georgia Dome
2000_01_DEN_STL,2000,REG,1,2000-09-04,Monday,09:00,DEN,36,STL,41,Home,5,77,0,2000090400,1002,,200009040ram,,200904014,,7,7,,,6.5,,,48.5,,,0,dome,astroturf,,,00-0006423,00-0017200,Brian Griese,Kurt Warner,Mike Shanahan,Mike Martz,Gerry Austin,STL00,TWA Dome
2002_02_OAK_PIT,2002,REG,2,2002-09-15,Sunday,20:30,OAK,30,PIT,17,Home,-13,47,0,2002091514,18124,,200209150pit,,220915023,,7,6,,,4,,,39.5,,,0,outdoors,grass,70,7,00-0005741,00-0015700,Rich Gannon,Kordell Stewart,Bill Callahan,Bill Cowher,Bill Leavy,PIT00,Heinz Field
2010_02_JAX_SD,2010,REG,2,2010-09-19,Sunday,16:15,JAX,13,SD,38,Home,25,51,0,2010091913,54891,,201009190sdg,1755,300919024,,7,6,264,-300,7,-112,104,45.5,-103,-107,0,outdoors,grass,76,8,00-0021231,00-0022942,David Garrard,Philip Rivers,Jack Del Rio,Norv Turner,Terry McAulay,SDG00,Qualcomm Stadium
2024_03_SF_LA,2024,REG,3,2024-09-22,Sunday,16:25,SF,24,LA,27,Home,3,51,0,2024092211,59552,,202409220ram,,401671772,6493,7,7,-258,210,-6,-108,-112,44.5,-110,-110,1,dome,matrixturf,,,00-0037834,00-0026498,Brock Purdy,Matthew Stafford,Kyle Shanahan,Sean McVay,Clete Blakeman,LAX01,SoFi Stadium
2023_01_CAR_ATL,2023,REG,1,2023-09-10,Sunday,13:00,CAR,10,ATL,24,Home,14,34,0,2023091000,59174,,202309100atl,,401547403,,7,7,160,-192,3.5,-108,-112,40.5,-110,-110,1,closed,,,,00-0039150,00-0038122,Bryce Young,Desmond Ridder,Frank Reich,Arthur Smith,Brad Rogers,ATL97,Mercedes-Benz Stadium
2022_20_NYG_PHI,2022,DIV,20,2023-01-21,Saturday,20:15,NYG,7,PHI,38,Home,31,45,0,2023012101,59166,,202301210phi,,401438004,6158,6,13,304,-360,8,101,-111,48,-113,101,1,outdoors,grass,40,6,00-0035710,00-0036389,Daniel Jones,Jalen Hurts,Brian Daboll,Nick Sirianni,Clete Blakeman,PHI00,Lincoln Financial Field
2024_22_KC_PHI,2024,SB,22,2025-02-09,Sunday,18:30,KC,22,PHI,40,Neutral,18,62,0,2025020900,59841,,202502090phi,,401671889,,14,14,-120,100,-1.5,-105,-115,48.5,-105,-115,0,dome,sportturf,,,00-0033873,00-0036389,Patrick Mahomes,Jalen Hurts,Andy Reid,Nick Sirianni,Ron Torbert,NOR00,Mercedes-Benz Superdome
2026_01_NE_SEA,2026,REG,1,2026-09-09,Wednesday,20:20,NE,,SEA,,Home,,,,2026090900,,,202609090sea,,401872656,,7,7,154,-185,3.5,-110,-110,44.5,-110,-110,0,outdoors,fieldturf,,,,,,,Mike Vrabel,Mike Macdonald,,SEA00,Lumen Field
