player_id,player_display_name,position,season,week,season_type,team,pat_made,pat_missed,pat_blocked,fg_missed,fg_blocked,fg_made_0_19,fg_made_20_29,fg_made_30_39,fg_made_40_49,fg_made_50_59,fg_made_60_
K1,Alpha Kicker,K,2024,1,REG,KC,2,0,0,1,0,0,1,0,0,0,0
K1,Alpha Kicker,K,2024,2,REG,KC,2,0,0,0,0,0,1,0,0,0,0
K1,Alpha Kicker,K,2025,1,REG,KC,3,0,0,0,1,0,0,0,0,1,0
K1,Alpha Kicker,K,2025,2,REG,KC,3,0,0,0,0,0,0,0,0,0,1
K2,Bravo Kicker,K,2024,1,REG,BUF,5,1,0,2,0,0,2,1,1,0,0
K3,Charlie Kicker,K,2025,1,REG,LA,1,0,0,0,0,0,0,1,0,0,0
K4,Delta Kicker,K,2025,1,REG,XXX,4,0,0,0,0,0,1,1,1,1,1
K1,Alpha Kicker,K,2025,19,POST,KC,9,0,0,0,0,0,9,9,9,9,9
Q1,Echo Passer,QB,2025,1,REG,KC,0,0,0,0,0,0,0,0,0,0,0
