season,week,team,season_type,game_id,opponent_team,passing_yards,rushing_yards,sack_yards_lost,special_teams_tds,def_sacks,def_interceptions,def_tds,def_safeties,def_punt_blocks,def_pat_blocks,def_fg_blocks,fumble_recovery_opp
2024,1,KC,REG,2024_01_BUF_KC,BUF,250,100,-20,0,3,1,1,0,1,0,0,2
2024,1,BUF,REG,2024_01_BUF_KC,KC,180,80,-10,1,1,0,0,1,0,0,0,1
2025,1,KC,REG,2025_01_KC_BUF,BUF,400,150,0,1,5,3,2,1,0,0,1,0
2025,1,BUF,REG,2025_01_KC_BUF,KC,50,40,-30,0,0,0,0,0,0,0,0,0
2025,2,KC,REG,2025_02_BUF_KC,BUF,111,111,0,9,99,9,9,9,9,9,9,9
2025,2,BUF,REG,2025_02_BUF_KC,KC,111,111,0,9,99,9,9,9,9,9,9,9
2025,3,KC,REG,2025_03_BUF_KC,BUF,222,222,0,7,77,7,7,7,7,7,7,7
2025,3,BUF,REG,2025_03_BUF_KC,KC,222,222,0,7,77,7,7,7,7,7,7,7
2025,19,KC,POST,2025_19_BUF_KC,BUF,333,333,0,5,55,5,5,5,5,5,5,5
